pred_label,pred_conf,p_0,p_1,p_2,frame,face_id,timestamp
2,0.9337736,0.064128704,0.0020977599,0.9337736,1,0,0.0
2,0.9990101,0.0008520874,0.00013776493,0.9990101,2,0,0.2
2,0.9985903,0.00069904,0.00071060413,0.9985903,3,0,0.4
2,0.99508154,0.0009382458,0.0039802273,0.99508154,4,0,0.6
2,0.994048,0.00017829105,0.005773769,0.994048,5,0,0.8
2,0.9986733,0.00065114966,0.0006755534,0.9986733,6,0,1.0
2,0.99639124,0.0026269255,0.0009818126,0.99639124,7,0,1.2
2,0.9886851,0.010194312,0.0011206223,0.9886851,8,0,1.4
2,0.9994086,0.00025060942,0.00034084314,0.9994086,9,0,1.6
2,0.99924135,0.0001311714,0.0006275348,0.99924135,10,0,1.8
2,0.9997609,9.299255e-05,0.00014603311,0.9997609,11,0,2.0
2,0.99959475,0.00021332028,0.00019200408,0.99959475,12,0,2.2
2,0.9978327,0.0015165283,0.0006507989,0.9978327,13,0,2.4
2,0.8955134,0.09518389,0.00930275,0.8955134,14,0,2.6
2,0.913549,0.073757514,0.012693523,0.913549,15,0,2.8
0,0.8107109,0.8107109,0.0015336152,0.18775545,16,0,3.0
0,0.9851376,0.9851376,0.0009844932,0.0138779795,17,0,3.2
0,0.9767255,0.9767255,0.0009115319,0.022362912,18,0,3.4
0,0.49877936,0.49877936,0.002650589,0.49857008,19,0,3.6
2,0.8547391,0.14408341,0.0011775247,0.8547391,20,0,3.8
2,0.99807715,0.0016332162,0.00028957898,0.99807715,21,0,4.0
2,0.9993729,0.00044979475,0.00017736036,0.9993729,22,0,4.2
2,0.9958787,0.0006373535,0.003483991,0.9958787,23,0,4.4
2,0.99545515,0.00025209898,0.0042926953,0.99545515,24,0,4.6
2,0.9989981,0.0002199063,0.00078195916,0.9989981,25,0,4.8
2,0.99414235,0.0031998737,0.002657814,0.99414235,26,0,5.0
2,0.8137109,0.18534073,0.0009483501,0.8137109,27,0,5.2
0,0.9902041,0.9902041,0.000230369,0.009565496,28,0,5.4
0,0.987324,0.987324,0.00037101773,0.012305029,29,0,5.6
2,0.97054315,0.027535452,0.0019214599,0.97054315,30,0,5.8
2,0.99765885,0.002076241,0.00026491517,0.99765885,31,0,6.0
2,0.99726284,0.0024607948,0.0002763406,0.99726284,32,0,6.2
2,0.99600935,0.0021181058,0.0018725725,0.99600935,33,0,6.4
2,0.99851876,0.0006639036,0.00081734464,0.99851876,34,0,6.6
2,0.9965373,0.0005207443,0.0029419402,0.9965373,35,0,6.8
2,0.985753,0.00033803357,0.013909016,0.985753,36,0,7.0
2,0.96615946,0.0017215951,0.032118972,0.96615946,37,0,7.2
2,0.98919,0.0006862515,0.010123804,0.98919,38,0,7.4
2,0.998374,0.00089567556,0.0007303121,0.998374,39,0,7.6
2,0.9987632,0.00065144524,0.00058535737,0.9987632,40,0,7.8
2,0.9988661,8.105449e-05,0.0010529194,0.9988661,41,0,8.0
2,0.9993135,3.652059e-05,0.00065006746,0.9993135,42,0,8.2
2,0.9996718,2.9029527e-05,0.00029920574,0.9996718,43,0,8.4
2,0.9997236,6.2139276e-05,0.00021426941,0.9997236,44,0,8.6
2,0.9991781,0.00025209904,0.0005698213,0.9991781,45,0,8.8
2,0.9949602,0.0006583241,0.0043814797,0.9949602,46,0,9.0
2,0.9892964,0.0013971399,0.009306528,0.9892964,47,0,9.2
2,0.9862677,0.0034369454,0.01029539,0.9862677,48,0,9.4
2,0.96328485,0.005060764,0.031654395,0.96328485,49,0,9.6
2,0.9577322,0.0014626419,0.040805086,0.9577322,50,0,9.8
2,0.99701333,0.00066748535,0.0023191457,0.99701333,51,0,10.0
2,0.9924859,0.0002150094,0.0072991,0.9924859,52,0,10.2
1,0.75174254,0.0071857753,0.75174254,0.24107164,53,0,10.4
0,0.6061115,0.6061115,0.38118505,0.012703437,54,0,10.6
0,0.99017054,0.99017054,0.008127163,0.001702293,55,0,10.8
0,0.9972409,0.9972409,0.0008186659,0.0019404877,56,0,11.0
0,0.9972058,0.9972058,0.0005134108,0.0022807152,57,0,11.2
0,0.9583662,0.9583662,0.0325989,0.009034948,58,0,11.4
0,0.6550444,0.6550444,0.14520928,0.1997464,59,0,11.6
0,0.96110094,0.96110094,0.0042189364,0.034680188,60,0,11.8
0,0.7943258,0.7943258,0.012765861,0.19290836,61,0,12.0
2,0.92992437,0.05035386,0.019721737,0.92992437,62,0,12.2
2,0.99890614,0.00011737393,0.00097645016,0.99890614,63,0,12.4
2,0.999671,3.455093e-05,0.00029450297,0.999671,64,0,12.6
2,0.99909735,5.0330458e-05,0.0008523337,0.99909735,65,0,12.8
2,0.9930369,0.00010096777,0.006862149,0.9930369,66,0,13.0
2,0.9946743,3.120713e-05,0.0052944566,0.9946743,67,0,13.2
2,0.9954536,0.000115753355,0.00443066,0.9954536,68,0,13.4
2,0.9912339,0.00023649329,0.008529699,0.9912339,69,0,13.6
2,0.9888208,0.0027227693,0.008456356,0.9888208,70,0,13.8
2,0.9415838,0.024881061,0.033535086,0.9415838,71,0,14.0
2,0.97148705,0.014490853,0.01402207,0.97148705,72,0,14.2
2,0.6526248,0.21175846,0.13561678,0.6526248,73,0,14.4
2,0.93966496,0.014770659,0.04556442,0.93966496,74,0,14.6
2,0.9862665,0.0013069184,0.012426523,0.9862665,75,0,14.8
2,0.99540037,0.0004943849,0.004105271,0.99540037,76,0,15.0
2,0.9976847,0.0014775749,0.00083773007,0.9976847,77,0,15.2
2,0.973092,0.014789812,0.0121182045,0.973092,78,0,15.4
2,0.9668714,0.031691972,0.0014366278,0.9668714,79,0,15.6
2,0.99179274,0.0042705317,0.003936694,0.99179274,80,0,15.8
2,0.98393816,0.009509147,0.0065526566,0.98393816,81,0,16.0
2,0.98898774,0.0028489227,0.008163317,0.98898774,82,0,16.2
2,0.994559,0.00171049,0.003730489,0.994559,83,0,16.4
2,0.9954567,0.0011617828,0.0033815196,0.9954567,84,0,16.6
2,0.99466854,0.0010773772,0.0042540533,0.99466854,85,0,16.8
2,0.99470127,0.0013269729,0.0039718384,0.99470127,86,0,17.0
2,0.9974789,0.0015406394,0.0009804628,0.9974789,87,0,17.2
2,0.9895919,0.009627023,0.00078110927,0.9895919,88,0,17.4
2,0.9957228,0.0029416557,0.0013355162,0.9957228,89,0,17.6
2,0.99624616,0.003690726,6.308812e-05,0.99624616,90,0,17.8
2,0.998684,0.0009312438,0.00038481367,0.998684,91,0,18.0
2,0.9964557,0.0009500528,0.0025942079,0.9964557,92,0,18.2
2,0.9942615,0.0014576779,0.004280835,0.9942615,93,0,18.4
2,0.6820252,0.0006365263,0.31733826,0.6820252,94,0,18.6
2,0.67394453,0.00048313302,0.32557234,0.67394453,95,0,18.8
1,0.5611159,0.0010228443,0.5611159,0.4378613,96,0,19.0
2,0.83874357,0.00054965,0.16070686,0.83874357,97,0,19.2
2,0.9586505,0.00034540737,0.04100409,0.9586505,98,0,19.4
2,0.96526927,0.0005635767,0.034167185,0.96526927,99,0,19.6
2,0.9421201,0.0004001685,0.057479724,0.9421201,100,0,19.8
2,0.9439469,0.00078031066,0.05527277,0.9439469,101,0,20.0
1,0.6158818,0.011409235,0.6158818,0.37270895,102,0,20.2
1,0.6035061,0.0065745167,0.6035061,0.38991937,103,0,20.4
2,0.8408203,0.0007206393,0.15845905,0.8408203,104,0,20.6
2,0.9983119,9.5520245e-06,0.0016785708,0.9983119,105,0,20.8
2,0.9793341,0.0016714948,0.01899438,0.9793341,106,0,21.0
2,0.7588554,0.124012,0.11713259,0.7588554,107,0,21.2
2,0.8550854,0.043876845,0.10103777,0.8550854,108,0,21.4
2,0.6797357,0.14751594,0.17274828,0.6797357,109,0,21.6
0,0.82851744,0.82851744,0.10767598,0.06380665,110,0,21.8
0,0.9193368,0.9193368,0.044903174,0.035760075,111,0,22.0
0,0.975998,0.975998,0.0010361575,0.022965796,112,0,22.2
0,0.8843042,0.8843042,0.014588285,0.10110751,113,0,22.4
2,0.79487664,0.19890791,0.006215457,0.79487664,114,0,22.6
2,0.9974688,0.0019695796,0.00056159624,0.9974688,115,0,22.8
0,0.6462763,0.6462763,0.017222552,0.33650115,116,0,23.0
0,0.96555805,0.96555805,0.0018415444,0.03260045,117,0,23.2
0,0.99328715,0.99328715,0.00022416796,0.006488752,118,0,23.4
0,0.9963121,0.9963121,0.00058441743,0.0031034169,119,0,23.6
0,0.988466,0.988466,0.0002577025,0.011276261,120,0,23.8
0,0.9836678,0.9836678,0.00084934034,0.015482794,121,0,24.0
2,0.8260551,0.17291915,0.0010256894,0.8260551,122,0,24.2
0,0.8839456,0.8839456,0.028988682,0.087065816,123,0,24.4
0,0.97467697,0.97467697,0.0039978693,0.021325203,124,0,24.6
0,0.99138415,0.99138415,0.001560369,0.007055428,125,0,24.8
0,0.98667425,0.98667425,0.0016604776,0.011665257,126,0,25.0
0,0.99222034,0.99222034,0.0006203858,0.0071591916,127,0,25.2
0,0.98117954,0.98117954,0.0007398054,0.018080732,128,0,25.4
0,0.99229735,0.99229735,0.0007680002,0.0069347117,129,0,25.6
0,0.9953544,0.9953544,0.0006298781,0.0040157274,130,0,25.8
0,0.9942595,0.9942595,0.0005281859,0.0052124164,131,0,26.0
0,0.9872771,0.9872771,0.0019515256,0.010771383,132,0,26.2
0,0.9886485,0.9886485,0.0033225643,0.008028901,133,0,26.4
0,0.99159056,0.99159056,0.00061422394,0.0077952133,134,0,26.6
0,0.9948414,0.9948414,0.0012214179,0.0039372486,135,0,26.8
0,0.9918509,0.9918509,0.001532047,0.0066170734,136,0,27.0
0,0.98853135,0.98853135,0.001295551,0.010173082,137,0,27.2
0,0.99463576,0.99463576,0.0025177703,0.0028464822,138,0,27.4
0,0.9936752,0.9936752,0.0037482134,0.0025765947,139,0,27.6
0,0.995037,0.995037,0.0013198784,0.0036430869,140,0,27.8
0,0.9937005,0.9937005,0.0020629547,0.004236486,141,0,28.0
0,0.99427986,0.99427986,0.0023177876,0.0034023277,142,0,28.2
0,0.9941268,0.9941268,0.0013975136,0.0044757677,143,0,28.4
0,0.99346405,0.99346405,0.000979893,0.0055560693,144,0,28.6
0,0.9925747,0.9925747,0.00095927087,0.006466048,145,0,28.8
0,0.9948827,0.9948827,0.0005257095,0.0045915158,146,0,29.0
0,0.9925431,0.9925431,0.0035732468,0.0038836733,147,0,29.2
0,0.61762375,0.61762375,0.06278266,0.31959364,148,0,29.4
2,0.5653431,0.38438663,0.050270315,0.5653431,149,0,29.6
2,0.9837376,0.0015299114,0.014732511,0.9837376,150,0,29.8
2,0.9631196,0.0009850955,0.03589532,0.9631196,151,0,30.0
1,0.3549299,0.30467048,0.3549299,0.3403996,152,0,30.2
0,0.98577327,0.98577327,0.0022034983,0.012023208,153,0,30.4
0,0.9929208,0.9929208,0.0013443399,0.005734857,154,0,30.6
0,0.99340385,0.99340385,0.00096015277,0.0056360103,155,0,30.8
0,0.9911445,0.9911445,0.0013215725,0.0075339326,156,0,31.0
0,0.9916864,0.9916864,0.0007967964,0.007516817,157,0,31.2
0,0.9908563,0.9908563,0.0014917976,0.0076518706,158,0,31.4
0,0.9891165,0.9891165,0.0013951483,0.009488412,159,0,31.6
0,0.9929704,0.9929704,0.0008268383,0.0062027746,160,0,31.8
0,0.6041708,0.6041708,0.012708854,0.38312042,161,0,32.0
0,0.9887395,0.9887395,0.0017608148,0.009499722,162,0,32.2
0,0.97908086,0.97908086,0.0035564317,0.017362708,163,0,32.4
0,0.97371024,0.97371024,0.0061367867,0.020152988,164,0,32.6
0,0.9609828,0.9609828,0.0068178717,0.032199282,165,0,32.8
0,0.97505444,0.97505444,0.003393718,0.021551782,166,0,33.0
0,0.98889136,0.98889136,0.0023391545,0.008769501,167,0,33.2
0,0.9862105,0.9862105,0.002301999,0.011487427,168,0,33.4
0,0.9881968,0.9881968,0.0022282817,0.009574991,169,0,33.6
0,0.9659978,0.9659978,0.008232845,0.025769357,170,0,33.8
0,0.97537076,0.97537076,0.006035458,0.0185937,171,0,34.0
0,0.8153488,0.8153488,0.11975784,0.064893335,172,0,34.2
0,0.80696756,0.80696756,0.031189827,0.16184261,173,0,34.4
0,0.92146003,0.92146003,0.03636862,0.042171344,174,0,34.6
0,0.92640024,0.92640024,0.0452727,0.028327057,175,0,34.8
0,0.90157855,0.90157855,0.01021258,0.08820894,176,0,35.0
0,0.9586424,0.9586424,0.02552847,0.015829181,177,0,35.2
0,0.9611038,0.9611038,0.018938381,0.019957824,178,0,35.4
0,0.95287937,0.95287937,0.023969695,0.023150858,179,0,35.6
0,0.95434135,0.95434135,0.025720568,0.019938124,180,0,35.8
0,0.94591,0.94591,0.024881665,0.029208316,181,0,36.0
0,0.9814523,0.9814523,0.009401153,0.009146544,182,0,36.2
0,0.9910972,0.9910972,0.005125996,0.0037768853,183,0,36.4
0,0.96063447,0.96063447,0.0123736765,0.02699184,184,0,36.6
0,0.9702068,0.9702068,0.01927249,0.010520693,185,0,36.8
0,0.97198135,0.97198135,0.024489159,0.0035295475,186,0,37.0
0,0.9649514,0.9649514,0.031517956,0.0035306318,187,0,37.2
0,0.96143085,0.96143085,0.03732672,0.0012424912,188,0,37.4
0,0.9026729,0.9026729,0.09153588,0.0057911887,189,0,37.6
0,0.9456307,0.9456307,0.04604762,0.008321697,190,0,37.8
0,0.8855578,0.8855578,0.003983769,0.11045848,191,0,38.0
0,0.97554797,0.97554797,0.0006612168,0.023790756,192,0,38.2
0,0.9429234,0.9429234,0.0015223599,0.055554215,193,0,38.4
0,0.9847548,0.9847548,0.0008083051,0.014436893,194,0,38.6
0,0.9928625,0.9928625,0.00043536635,0.006702186,195,0,38.8
0,0.977262,0.977262,0.00236377,0.02037424,196,0,39.0
0,0.9688692,0.9688692,0.0006560565,0.030474823,197,0,39.2
0,0.96290576,0.96290576,0.0029018908,0.034192238,198,0,39.4
0,0.97342956,0.97342956,0.0066725435,0.019897955,199,0,39.6
0,0.9925398,0.9925398,0.0017807098,0.0056795026,200,0,39.8
0,0.99087805,0.99087805,0.002071899,0.007050078,201,0,40.0
0,0.99060094,0.99060094,0.0017647736,0.007634324,202,0,40.2
0,0.98417366,0.98417366,0.00048539275,0.015340948,203,0,40.4
0,0.9856294,0.9856294,0.00062177476,0.013748781,204,0,40.6
0,0.99756855,0.99756855,0.00052981096,0.00190161,205,0,40.8
0,0.997773,0.997773,0.00049968594,0.0017272877,206,0,41.0
0,0.9780312,0.9780312,0.017966185,0.004002515,207,0,41.2
0,0.99231076,0.99231076,0.0070100995,0.0006791762,208,0,41.4
0,0.9754572,0.9754572,0.023078613,0.0014642403,209,0,41.6
0,0.9470147,0.9470147,0.01466993,0.038315434,210,0,41.8
0,0.46203965,0.46203965,0.11424347,0.42371687,211,0,42.0
0,0.7965921,0.7965921,0.005180911,0.198227,212,0,42.2
2,0.69988495,0.2965752,0.0035398826,0.69988495,213,0,42.4
2,0.839343,0.15503044,0.0056265383,0.839343,214,0,42.6
2,0.8520607,0.14314231,0.004797048,0.8520607,215,0,42.8
2,0.8361286,0.14157943,0.022292003,0.8361286,216,0,43.0
2,0.388461,0.24589543,0.36564353,0.388461,217,0,43.2
2,0.94203585,0.041122984,0.016841142,0.94203585,218,0,43.4
2,0.6768245,0.19462208,0.12855336,0.6768245,219,0,43.6
2,0.5433384,0.34505156,0.11161007,0.5433384,220,0,43.8
2,0.5666082,0.3225214,0.11087041,0.5666082,221,0,44.0
2,0.46744797,0.28997198,0.24258003,0.46744797,222,0,44.2
0,0.6737228,0.6737228,0.29815078,0.02812643,223,0,44.4
0,0.6631638,0.6631638,0.29757208,0.03926416,224,0,44.6
0,0.78095675,0.78095675,0.18048617,0.038557038,225,0,44.8
0,0.7969094,0.7969094,0.16374595,0.039344646,226,0,45.0
0,0.7968513,0.7968513,0.16431879,0.038829874,227,0,45.2
0,0.6913821,0.6913821,0.23915704,0.0694609,228,0,45.4
0,0.7118227,0.7118227,0.21738882,0.07078846,229,0,45.6
0,0.51951975,0.51951975,0.40889078,0.0715895,230,0,45.8
1,0.68048424,0.28043696,0.68048424,0.039078772,231,0,46.0
1,0.47559708,0.30339855,0.47559708,0.22100444,232,0,46.2
0,0.5162331,0.5162331,0.18418488,0.29958203,233,0,46.4
0,0.552847,0.552847,0.20827489,0.2388781,234,0,46.6
0,0.6235384,0.6235384,0.12089385,0.25556776,235,0,46.8
0,0.3654436,0.3654436,0.3627114,0.27184498,236,0,47.0
0,0.51196545,0.51196545,0.17264746,0.31538707,237,0,47.2
0,0.46506727,0.46506727,0.20571451,0.32921824,238,0,47.4
1,0.5125713,0.26542982,0.5125713,0.22199892,239,0,47.6
1,0.7413501,0.13329557,0.7413501,0.12535432,240,0,47.8
1,0.8656892,0.11980722,0.8656892,0.0145035535,241,0,48.0
1,0.80300903,0.06659448,0.80300903,0.13039649,242,0,48.2
1,0.6685815,0.11847032,0.6685815,0.21294822,243,0,48.4
1,0.7164481,0.11489913,0.7164481,0.16865277,244,0,48.6
2,0.44426465,0.35616845,0.19956687,0.44426465,245,0,48.8
2,0.8924331,0.07045263,0.03711421,0.8924331,246,0,49.0
1,0.5041176,0.22323646,0.5041176,0.27264595,247,0,49.2
1,0.7126897,0.1180652,0.7126897,0.1692451,248,0,49.4
1,0.68171024,0.09180781,0.68171024,0.226482,249,0,49.6
1,0.75147843,0.066419184,0.75147843,0.18210246,250,0,49.8
1,0.7017809,0.15942773,0.7017809,0.1387914,251,0,50.0
2,0.9551959,0.0073438976,0.037460174,0.9551959,252,0,50.2
2,0.50494754,0.035640884,0.45941156,0.50494754,253,0,50.4
1,0.8199316,0.13239354,0.8199316,0.04767484,254,0,50.6
1,0.7084292,0.24617146,0.7084292,0.045399368,255,0,50.8
1,0.667625,0.13879348,0.667625,0.19358152,256,0,51.0
1,0.45058066,0.4128199,0.45058066,0.13659944,257,0,51.2
1,0.6995436,0.18746912,0.6995436,0.11298724,258,0,51.4
1,0.61161,0.23210803,0.61161,0.156282,259,0,51.6
1,0.6092169,0.21212128,0.6092169,0.17866181,260,0,51.8
1,0.84081185,0.120753445,0.84081185,0.03843478,261,0,52.0
1,0.68121195,0.27408564,0.68121195,0.044702437,262,0,52.2
1,0.5219239,0.38617876,0.5219239,0.0918974,263,0,52.4
1,0.5926015,0.22187296,0.5926015,0.18552552,264,0,52.6
2,0.65155363,0.15051562,0.19793074,0.65155363,265,0,52.8
1,0.6351519,0.14838193,0.6351519,0.21646617,266,0,53.0
0,0.8036375,0.8036375,0.1851528,0.011209721,267,0,53.2
0,0.94105935,0.94105935,0.054297887,0.004642653,268,0,53.4
0,0.9987348,0.9987348,0.0007484298,0.0005168245,269,0,53.6
0,0.9945246,0.9945246,0.004371255,0.0011041166,270,0,53.8
0,0.9977926,0.9977926,0.00045846807,0.0017489439,271,0,54.0
0,0.6918684,0.6918684,0.043627217,0.26450437,272,0,54.2
0,0.9063507,0.9063507,0.019095263,0.07455401,273,0,54.4
2,0.8534672,0.13958582,0.0069470145,0.8534672,274,0,54.6
0,0.8201909,0.8201909,0.0071828277,0.17262633,275,0,54.8
0,0.5795189,0.5795189,0.025940029,0.39454108,276,0,55.0
0,0.48986667,0.48986667,0.029602204,0.4805311,277,0,55.2
2,0.6618028,0.3105446,0.027652556,0.6618028,278,0,55.4
0,0.4523984,0.4523984,0.40545836,0.14214323,279,0,55.6
1,0.7682759,0.15687524,0.7682759,0.074848816,280,0,55.8
0,0.56631285,0.56631285,0.22830589,0.20538123,281,0,56.0
2,0.943166,0.016139476,0.0406945,0.943166,282,0,56.2
2,0.9210771,0.07086484,0.008058116,0.9210771,283,0,56.4
2,0.9384088,0.04846459,0.013126586,0.9384088,284,0,56.6
2,0.77639043,0.1624368,0.06117278,0.77639043,285,0,56.8
2,0.939004,0.054557573,0.00643844,0.939004,286,0,57.0
2,0.9939628,0.0043515526,0.001685568,0.9939628,287,0,57.2
0,0.67924803,0.67924803,0.008303519,0.31244844,288,0,57.4
0,0.9872737,0.9872737,0.003868646,0.008857624,289,0,57.6
0,0.99732554,0.99732554,0.0018391145,0.0008353204,290,0,57.8
2,0.9816036,0.002581498,0.015814828,0.9816036,341,0,68.0
2,0.9955514,0.00052439515,0.0039242003,0.9955514,342,0,68.2
2,0.94600177,0.00051115884,0.05348706,0.94600177,343,0,68.4
2,0.8079757,0.039543256,0.15248103,0.8079757,344,0,68.6
2,0.9043715,0.03274759,0.062880956,0.9043715,345,0,68.8
2,0.7449557,0.037219252,0.21782501,0.7449557,346,0,69.0
2,0.9617043,0.0019025707,0.03639311,0.9617043,347,0,69.2
2,0.9430848,0.0026168993,0.05429832,0.9430848,348,0,69.4
2,0.9780252,0.0010232758,0.020951606,0.9780252,349,0,69.6
2,0.997891,0.00015380823,0.001955167,0.997891,350,0,69.8
2,0.99878496,8.544477e-05,0.0011295901,0.99878496,351,0,70.0
2,0.9966007,0.00014656164,0.0032527768,0.9966007,352,0,70.2
2,0.99722016,0.00022679259,0.002553039,0.99722016,353,0,70.4
2,0.9046438,0.077222675,0.018133538,0.9046438,354,0,70.6
2,0.93706334,0.04734207,0.015594593,0.93706334,355,0,70.8
2,0.92621243,0.05725025,0.016537335,0.92621243,356,0,71.0
2,0.94949573,0.04235324,0.008151007,0.94949573,357,0,71.2
2,0.96227574,0.033038527,0.004685716,0.96227574,358,0,71.4
2,0.9949884,0.0011103607,0.0039012192,0.9949884,359,0,71.6
2,0.9965281,0.0007574013,0.0027145683,0.9965281,360,0,71.8
2,0.99864155,0.00023308207,0.001125353,0.99864155,361,0,72.0
2,0.9981933,0.00021912208,0.0015875491,0.9981933,362,0,72.2
2,0.99734455,0.00036905074,0.0022863648,0.99734455,363,0,72.4
2,0.9971347,0.00082997256,0.00203537,0.9971347,364,0,72.6
2,0.9984603,0.00038105441,0.001158703,0.9984603,365,0,72.8
2,0.9978005,0.00076240243,0.0014370458,0.9978005,366,0,73.0
2,0.99762243,0.00072096044,0.0016566608,0.99762243,367,0,73.2
2,0.99237365,0.0011239994,0.0065022823,0.99237365,368,0,73.4
2,0.9936227,0.0009482511,0.005429105,0.9936227,369,0,73.6
2,0.9936227,0.0009482511,0.005429105,0.9936227,370,0,73.8
2,0.99818146,0.0008963034,0.0009222156,0.99818146,371,0,74.0
2,0.9937133,0.001178156,0.0051084654,0.9937133,372,0,74.2
2,0.992861,0.00082323427,0.0063158213,0.992861,373,0,74.4
2,0.9940852,0.00093071186,0.0049840533,0.9940852,374,0,74.6
2,0.68287486,0.310066,0.0070591858,0.68287486,375,0,74.8
2,0.70490694,0.2862276,0.008865484,0.70490694,376,0,75.0
2,0.7296349,0.2661917,0.0041733626,0.7296349,377,0,75.2
2,0.96399295,0.03257248,0.003434598,0.96399295,378,0,75.4
2,0.99843067,0.0009674814,0.0006017707,0.99843067,379,0,75.6
2,0.99566996,0.0009764235,0.0033535974,0.99566996,380,0,75.8
2,0.99256563,0.00049599796,0.006938363,0.99256563,381,0,76.0
2,0.9853028,0.0006570486,0.014040141,0.9853028,382,0,76.2
2,0.9858752,0.0007855979,0.013339221,0.9858752,383,0,76.4
2,0.98433334,0.0008071682,0.01485951,0.98433334,384,0,76.6
2,0.98253447,0.0007226306,0.01674293,0.98253447,385,0,76.8
2,0.9941723,0.0010307229,0.004796978,0.9941723,386,0,77.0
2,0.9933054,0.0012935871,0.0054010404,0.9933054,387,0,77.2
2,0.9956726,0.0009853088,0.0033421328,0.9956726,388,0,77.4
2,0.9949587,0.00080087123,0.0042404,0.9949587,389,0,77.6
2,0.9966658,0.00082051766,0.0025137537,0.9966658,390,0,77.8
2,0.9967661,0.00081908266,0.0024148761,0.9967661,391,0,78.0
2,0.99853945,0.00053199613,0.0009285853,0.99853945,392,0,78.2
2,0.99876344,0.00047582897,0.00076073594,0.99876344,393,0,78.4
2,0.998754,0.00047967123,0.0007663195,0.998754,394,0,78.6
2,0.9987086,0.00051694625,0.0007744594,0.9987086,395,0,78.8
2,0.9976342,0.00074112596,0.0016247007,0.9976342,396,0,79.0
2,0.99720436,0.0009573334,0.0018382291,0.99720436,397,0,79.2
2,0.9969313,0.0012509306,0.0018177375,0.9969313,398,0,79.4
2,0.998312,0.00056314404,0.0011249253,0.998312,399,0,79.6
2,0.9990096,0.0005656866,0.0004246509,0.9990096,400,0,79.8
2,0.999141,0.00046355953,0.00039543104,0.999141,401,0,80.0
2,0.998494,0.0007694127,0.0007364978,0.998494,402,0,80.2
2,0.998209,0.00031904536,0.0014719819,0.998209,403,0,80.4
2,0.98902446,0.00031158584,0.010663881,0.98902446,404,0,80.6
2,0.9679966,0.00044698617,0.031556435,0.9679966,405,0,80.8
2,0.961898,0.00025721258,0.037844744,0.961898,406,0,81.0
2,0.9681667,0.0002166268,0.03161668,0.9681667,407,0,81.2
2,0.98014313,0.00021351813,0.01964334,0.98014313,408,0,81.4
2,0.96704406,0.00044629176,0.032509703,0.96704406,409,0,81.6
2,0.9715251,0.00050046673,0.02797441,0.9715251,410,0,81.8
2,0.9553512,0.00053864537,0.0441102,0.9553512,411,0,82.0
2,0.97504497,0.00060638785,0.024348684,0.97504497,412,0,82.2
2,0.97452843,0.0005804207,0.024891168,0.97452843,413,0,82.4
2,0.9775465,7.041923e-05,0.022383058,0.9775465,414,0,82.6
2,0.97824144,7.4054784e-05,0.02168457,0.97824144,415,0,82.8
2,0.9835994,6.8058485e-05,0.01633254,0.9835994,416,0,83.0
2,0.97976,0.00022470643,0.020015312,0.97976,417,0,83.2
2,0.98933244,0.00021834199,0.0104492875,0.98933244,418,0,83.4
2,0.99619055,0.00024054496,0.0035689329,0.99619055,419,0,83.6
2,0.99944896,0.00014892837,0.00040207154,0.99944896,420,0,83.8
2,0.99682,0.00013860647,0.0030414138,0.99682,421,0,84.0
2,0.97504437,0.0004387105,0.024516895,0.97504437,422,0,84.2
2,0.97551095,0.00014188822,0.0243472,0.97551095,423,0,84.4
2,0.98469627,0.0002330639,0.015070644,0.98469627,424,0,84.6
2,0.9866432,0.00015977514,0.013197053,0.9866432,425,0,84.8
2,0.97021645,0.0004860387,0.029297447,0.97021645,426,0,85.0
2,0.97857875,0.0006585577,0.02076264,0.97857875,427,0,85.2
2,0.8432903,0.14583842,0.010871266,0.8432903,428,0,85.4
2,0.64260536,0.30623233,0.05116231,0.64260536,429,0,85.6
2,0.69082195,0.09060875,0.21856932,0.69082195,438,0,87.4
2,0.7502964,0.081687294,0.16801633,0.7502964,439,0,87.6
2,0.47555643,0.32979074,0.19465283,0.47555643,440,0,87.8
2,0.9498142,0.01617992,0.03400593,0.9498142,441,0,88.0
2,0.5369958,0.07977704,0.38322717,0.5369958,442,0,88.2
1,0.46592334,0.1367823,0.46592334,0.39729434,443,0,88.4
1,0.612767,0.28371775,0.612767,0.103515275,448,0,89.4
1,0.49390057,0.3615192,0.49390057,0.14458032,449,0,89.6
0,0.49164546,0.49164546,0.28662074,0.22173387,450,0,89.8
1,0.872136,0.08632817,0.872136,0.041535858,451,0,90.0
2,0.5350579,0.17274997,0.29219213,0.5350579,452,0,90.2
1,0.80219257,0.058913495,0.80219257,0.1388939,453,0,90.4
1,0.6853084,0.06559716,0.6853084,0.24909443,454,0,90.6
0,0.42417288,0.42417288,0.27577758,0.30004954,457,0,91.2
0,0.86538154,0.86538154,0.09412372,0.040494666,458,0,91.4
0,0.9087455,0.9087455,0.06780442,0.023450078,459,0,91.6
2,0.45660195,0.3690725,0.17432551,0.45660195,460,0,91.8
2,0.73910487,0.08192659,0.1789685,0.73910487,461,0,92.0
2,0.72067535,0.07767777,0.20164688,0.72067535,462,0,92.2
2,0.65220404,0.0634277,0.2843683,0.65220404,463,0,92.4
1,0.39702493,0.38526732,0.39702493,0.2177077,464,0,92.6
0,0.7197968,0.7197968,0.013999095,0.2662042,465,0,92.8
0,0.99858415,0.99858415,0.00042250965,0.0009933718,466,0,93.0
0,0.98332953,0.98332953,0.008865741,0.00780472,467,0,93.2
0,0.96183044,0.96183044,0.024173802,0.013995737,468,0,93.4
0,0.87468547,0.87468547,0.09354081,0.031773817,469,0,93.6
0,0.9182888,0.9182888,0.018564356,0.063146845,470,0,93.8
0,0.9951756,0.9951756,0.0016094914,0.003214867,471,0,94.0
0,0.9960316,0.9960316,0.0021263266,0.0018421323,472,0,94.2
0,0.95483476,0.95483476,0.0125635555,0.032601714,473,0,94.4
0,0.5854816,0.5854816,0.38821492,0.026303502,474,0,94.6
0,0.5918103,0.5918103,0.39404675,0.014142919,475,0,94.8
0,0.76047146,0.76047146,0.23033023,0.009198357,476,0,95.0
1,0.49707207,0.4297944,0.49707207,0.073133506,477,0,95.2
1,0.67036974,0.061393097,0.67036974,0.26823714,478,0,95.4
1,0.79835576,0.004977905,0.79835576,0.19666636,479,0,95.6
1,0.8404861,0.004984833,0.8404861,0.15452906,480,0,95.8
1,0.7346457,0.0031874066,0.7346457,0.2621669,481,0,96.0
1,0.64207315,0.0041889353,0.64207315,0.35373792,482,0,96.2
1,0.5371522,0.0063769515,0.5371522,0.45647088,483,0,96.4
1,0.6480191,0.006515602,0.6480191,0.34546533,484,0,96.6
2,0.68732816,0.013893589,0.29877827,0.68732816,485,0,96.8
1,0.58264935,0.009078839,0.58264935,0.40827185,486,0,97.0
2,0.67957765,0.0072576054,0.31316477,0.67957765,487,0,97.2
0,0.64980835,0.64980835,0.29614303,0.054048616,488,0,97.4
1,0.7743681,0.19442542,0.7743681,0.031206513,489,0,97.6
0,0.7948244,0.7948244,0.17575066,0.029424917,490,0,97.8
0,0.718438,0.718438,0.0030159934,0.278546,491,0,98.0
2,0.5743985,0.01731151,0.40828997,0.5743985,492,0,98.2
2,0.6828622,0.016392233,0.30074558,0.6828622,493,0,98.4
0,0.9644773,0.9644773,0.017531166,0.017991472,540,0,107.8
0,0.47800124,0.47800124,0.41123638,0.11076237,541,0,108.0
0,0.63037246,0.63037246,0.3631168,0.006510739,542,0,108.2
0,0.7175243,0.7175243,0.0025838388,0.2798919,543,0,108.4
2,0.77531886,0.21633236,0.008348784,0.77531886,544,0,108.6
0,0.827338,0.827338,0.0038616862,0.16880026,545,0,108.8
0,0.9651442,0.9651442,0.0008730138,0.033982698,546,0,109.0
0,0.78096473,0.78096473,0.0055730166,0.21346219,547,0,109.2
0,0.86656934,0.86656934,0.01672478,0.11670591,548,0,109.4
0,0.7801331,0.7801331,0.030659758,0.1892071,549,0,109.6
0,0.5008134,0.5008134,0.032856897,0.46632966,550,0,109.8
0,0.5492979,0.5492979,0.030716954,0.41998512,551,0,110.0
2,0.8513719,0.11601531,0.03261285,0.8513719,552,0,110.2
1,0.53721595,0.17200795,0.53721595,0.29077607,553,0,110.4
1,0.7030126,0.099345386,0.7030126,0.19764198,554,0,110.6
1,0.90161335,0.08808594,0.90161335,0.010300759,555,0,110.8
1,0.75901157,0.19741973,0.75901157,0.04356867,556,0,111.0
1,0.9158302,0.04832143,0.9158302,0.035848472,557,0,111.2
1,0.93109983,0.037883878,0.93109983,0.031016348,558,0,111.4
1,0.9864956,0.00880005,0.9864956,0.0047042808,559,0,111.6
